전자상거래_소비자_행동분석_data.csv(https://www.kaggle.com/datasets/salahuddinahmedshuvo/ecommerce-consumer-behavior-analysis-data),,,,,,,,,
Purchase_Amount(구매 금액),Marital_Status(결혼 상태),Education_Level(교육 레벨),,,,,,,
$333.80 ,Married,Bachelor's,,,,,,,
$222.22 ,Married,High School,,,,,,,
$426.22 ,Single,Master's,,,,,,,
$101.31 ,Single,Master's,,,,,,,
$211.70 ,Widowed,High School,,,,,,,
$487.95 ,Married,Master's,,,,,,,
$486.40 ,Divorced,High School,,,,,,,
$218.06 ,Single,High School,,,,,,,
$201.96 ,Divorced,Master's,,,,,,,
$418.83 ,Married,Bachelor's,,,,,,,
$389.70 ,Divorced,Bachelor's,,,,,,,
$238.93 ,Widowed,Bachelor's,,,,,,,
$61.22 ,Single,Bachelor's,,,,,,,
$79.81 ,Married,High School,,,,,,,
$58.51 ,Widowed,High School,,,,,,,
$109.29 ,Divorced,Master's,,,,,,,
$356.45 ,Single,Bachelor's,,,,,,,
$236.99 ,Divorced,Bachelor's,,,,,,,
$454.39 ,Widowed,Bachelor's,,,,,,,
$490.75 ,Widowed,Bachelor's,,,,,,,
$463.07 ,Widowed,High School,,,,,,,
$56.74 ,Married,Master's,,,,,,,
$371.32 ,Divorced,Bachelor's,,,,,,,
$461.00 ,Single,Bachelor's,,,,,,,
$253.37 ,Married,Bachelor's,,,,,,,
$136.53 ,Widowed,High School,,,,,,,
$489.05 ,Single,Master's,,,,,,,
$81.91 ,Single,Master's,,,,,,,
$135.80 ,Married,Bachelor's,,,,,,,
$382.24 ,Widowed,High School,,,,,,,
$354.70 ,Married,Bachelor's,,,,,,,
$433.82 ,Divorced,Bachelor's,,,,,,,
$282.13 ,Married,Bachelor's,,,,,,,
$454.38 ,Widowed,High School,,,,,,,
$138.88 ,Married,High School,,,,,,,
$52.34 ,Single,Bachelor's,,,,,,,
$338.20 ,Single,Bachelor's,,,,,,,
$263.15 ,Widowed,High School,,,,,,,
$371.58 ,Married,Master's,,,,,,,
$353.40 ,Widowed,Bachelor's,,,,,,,
$329.41 ,Divorced,High School,,,,,,,
$54.46 ,Married,Master's,,,,,,,
$257.12 ,Widowed,Master's,,,,,,,
$293.04 ,Divorced,Bachelor's,,,,,,,
$110.40 ,Single,Master's,,,,,,,
$76.27 ,Married,Master's,,,,,,,
$392.08 ,Widowed,Bachelor's,,,,,,,
$51.22 ,Married,Bachelor's,,,,,,,
$227.57 ,Divorced,Bachelor's,,,,,,,
$378.87 ,Widowed,Bachelor's,,,,,,,
$423.92 ,Widowed,High School,,,,,,,
$111.24 ,Widowed,Master's,,,,,,,
$299.31 ,Single,Bachelor's,,,,,,,
$169.28 ,Widowed,Master's,,,,,,,
$449.13 ,Widowed,High School,,,,,,,
$427.48 ,Married,Master's,,,,,,,
$171.61 ,Single,High School,,,,,,,
$240.28 ,Married,Bachelor's,,,,,,,
$310.17 ,Single,High School,,,,,,,
$166.00 ,Married,Bachelor's,,,,,,,
$362.01 ,Divorced,Bachelor's,,,,,,,
$348.50 ,Married,Bachelor's,,,,,,,
$395.97 ,Married,Bachelor's,,,,,,,
$474.99 ,Widowed,High School,,,,,,,
$286.43 ,Widowed,High School,,,,,,,
$333.32 ,Widowed,High School,,,,,,,
$223.47 ,Single,Master's,,,,,,,
$414.83 ,Divorced,Master's,,,,,,,
$391.38 ,Widowed,Master's,,,,,,,
$368.40 ,Divorced,Bachelor's,,,,,,,
$328.36 ,Widowed,High School,,,,,,,
$424.39 ,Divorced,Bachelor's,,,,,,,
$197.12 ,Married,High School,,,,,,,
$454.57 ,Single,Bachelor's,,,,,,,
$298.38 ,Divorced,High School,,,,,,,
$111.70 ,Divorced,High School,,,,,,,
$373.69 ,Married,Bachelor's,,,,,,,
$354.87 ,Widowed,Master's,,,,,,,
$214.48 ,Widowed,Bachelor's,,,,,,,
$399.58 ,Divorced,Bachelor's,,,,,,,
$380.99 ,Widowed,High School,,,,,,,
$79.00 ,Married,High School,,,,,,,
$113.88 ,Married,Bachelor's,,,,,,,
$121.57 ,Married,High School,,,,,,,
$215.54 ,Divorced,High School,,,,,,,
$87.03 ,Married,Bachelor's,,,,,,,
$111.75 ,Divorced,High School,,,,,,,
$136.20 ,Widowed,Master's,,,,,,,
$439.31 ,Married,High School,,,,,,,
$194.93 ,Married,Bachelor's,,,,,,,
$377.67 ,Widowed,Master's,,,,,,,
$108.61 ,Single,Master's,,,,,,,
$366.77 ,Married,Bachelor's,,,,,,,
$178.04 ,Divorced,Master's,,,,,,,
$461.09 ,Divorced,High School,,,,,,,
$211.16 ,Single,High School,,,,,,,
$421.95 ,Widowed,Bachelor's,,,,,,,
$378.59 ,Divorced,Bachelor's,,,,,,,
$268.93 ,Divorced,High School,,,,,,,
$444.87 ,Divorced,Bachelor's,,,,,,,
$160.82 ,Widowed,Bachelor's,,,,,,,
$494.18 ,Single,Master's,,,,,,,
$177.05 ,Single,Bachelor's,,,,,,,
$450.66 ,Married,Master's,,,,,,,
$164.27 ,Married,Bachelor's,,,,,,,
$346.36 ,Widowed,Master's,,,,,,,
$377.77 ,Widowed,High School,,,,,,,
$163.41 ,Widowed,High School,,,,,,,
$467.58 ,Divorced,Master's,,,,,,,
$247.51 ,Widowed,Bachelor's,,,,,,,
$365.10 ,Single,High School,,,,,,,
$485.42 ,Single,Master's,,,,,,,
$250.54 ,Widowed,Bachelor's,,,,,,,
$163.14 ,Divorced,High School,,,,,,,
$162.31 ,Divorced,Bachelor's,,,,,,,
$328.21 ,Widowed,Master's,,,,,,,
$268.59 ,Married,Master's,,,,,,,
$257.37 ,Divorced,High School,,,,,,,
$205.49 ,Single,High School,,,,,,,
$407.91 ,Divorced,Master's,,,,,,,
$254.73 ,Divorced,Bachelor's,,,,,,,
$397.78 ,Divorced,Bachelor's,,,,,,,
$305.29 ,Married,Bachelor's,,,,,,,
$257.86 ,Divorced,High School,,,,,,,
$393.45 ,Single,High School,,,,,,,
$58.49 ,Married,Bachelor's,,,,,,,
$226.48 ,Single,High School,,,,,,,
$469.22 ,Single,Master's,,,,,,,
$335.32 ,Divorced,High School,,,,,,,
$184.74 ,Divorced,High School,,,,,,,
$442.18 ,Divorced,Bachelor's,,,,,,,
$427.10 ,Married,High School,,,,,,,
$326.82 ,Widowed,High School,,,,,,,
$98.97 ,Widowed,High School,,,,,,,
$77.65 ,Single,High School,,,,,,,
$85.61 ,Widowed,Master's,,,,,,,
$164.79 ,Widowed,High School,,,,,,,
$235.46 ,Widowed,High School,,,,,,,
$245.14 ,Widowed,Master's,,,,,,,
$439.91 ,Divorced,Bachelor's,,,,,,,
$309.22 ,Widowed,High School,,,,,,,
$146.59 ,Widowed,Master's,,,,,,,
$298.73 ,Single,High School,,,,,,,
$395.01 ,Single,Bachelor's,,,,,,,
$371.19 ,Married,Bachelor's,,,,,,,
$193.76 ,Married,Master's,,,,,,,
$424.27 ,Divorced,Master's,,,,,,,
$496.11 ,Single,Bachelor's,,,,,,,
$341.91 ,Widowed,Bachelor's,,,,,,,
$127.66 ,Married,Master's,,,,,,,
$227.47 ,Single,Bachelor's,,,,,,,
$342.99 ,Widowed,Bachelor's,,,,,,,
$306.48 ,Married,Master's,,,,,,,
$308.54 ,Divorced,Master's,,,,,,,
$124.17 ,Single,Master's,,,,,,,
$78.00 ,Married,Master's,,,,,,,
$393.03 ,Married,Bachelor's,,,,,,,
$102.09 ,Single,Master's,,,,,,,
$426.21 ,Married,Bachelor's,,,,,,,
$140.31 ,Widowed,Master's,,,,,,,
$413.70 ,Widowed,Master's,,,,,,,
$348.63 ,Widowed,Master's,,,,,,,
$91.27 ,Widowed,High School,,,,,,,
$359.94 ,Divorced,Bachelor's,,,,,,,
$138.20 ,Divorced,High School,,,,,,,
$196.33 ,Divorced,High School,,,,,,,
$249.24 ,Widowed,Bachelor's,,,,,,,
$129.10 ,Divorced,High School,,,,,,,
$112.69 ,Married,Master's,,,,,,,
$267.85 ,Widowed,Bachelor's,,,,,,,
$205.36 ,Divorced,High School,,,,,,,
$79.10 ,Divorced,Master's,,,,,,,
$256.63 ,Widowed,High School,,,,,,,
$409.98 ,Divorced,High School,,,,,,,
$291.60 ,Widowed,High School,,,,,,,
$101.70 ,Single,Bachelor's,,,,,,,
$369.73 ,Single,High School,,,,,,,
$71.00 ,Single,Bachelor's,,,,,,,
$280.05 ,Single,Master's,,,,,,,
$54.71 ,Widowed,Master's,,,,,,,
$119.51 ,Widowed,Bachelor's,,,,,,,
$57.50 ,Single,Master's,,,,,,,
$225.05 ,Married,Bachelor's,,,,,,,
$441.15 ,Divorced,High School,,,,,,,
$481.21 ,Divorced,High School,,,,,,,
$102.96 ,Married,Bachelor's,,,,,,,
$331.57 ,Divorced,Bachelor's,,,,,,,
$101.29 ,Widowed,High School,,,,,,,
$143.52 ,Single,Master's,,,,,,,
$276.48 ,Widowed,Bachelor's,,,,,,,
$352.87 ,Widowed,High School,,,,,,,
$228.68 ,Married,Master's,,,,,,,
$301.39 ,Divorced,Master's,,,,,,,
$473.50 ,Married,Bachelor's,,,,,,,
$72.80 ,Single,Bachelor's,,,,,,,
$171.72 ,Divorced,Bachelor's,,,,,,,
$467.50 ,Widowed,High School,,,,,,,
$209.79 ,Married,Bachelor's,,,,,,,
$150.33 ,Single,High School,,,,,,,
$98.63 ,Married,Bachelor's,,,,,,,
$193.30 ,Divorced,Master's,,,,,,,
$145.02 ,Single,High School,,,,,,,
$294.99 ,Divorced,Master's,,,,,,,
$305.45 ,Divorced,High School,,,,,,,
$432.42 ,Widowed,High School,,,,,,,
$227.58 ,Single,Bachelor's,,,,,,,
$160.89 ,Single,High School,,,,,,,
$139.10 ,Married,Master's,,,,,,,
$268.28 ,Married,Master's,,,,,,,
$64.49 ,Single,Master's,,,,,,,
$80.17 ,Widowed,High School,,,,,,,
$277.52 ,Married,Master's,,,,,,,
$53.67 ,Widowed,Master's,,,,,,,
$323.39 ,Widowed,Bachelor's,,,,,,,
$98.02 ,Single,Bachelor's,,,,,,,
$231.26 ,Divorced,Bachelor's,,,,,,,
$382.49 ,Single,Master's,,,,,,,
$255.42 ,Divorced,Master's,,,,,,,
$423.23 ,Single,High School,,,,,,,
$276.08 ,Single,High School,,,,,,,
$333.56 ,Widowed,Bachelor's,,,,,,,
$129.82 ,Divorced,Bachelor's,,,,,,,
$278.78 ,Widowed,High School,,,,,,,
$112.55 ,Married,Bachelor's,,,,,,,
$142.02 ,Divorced,Bachelor's,,,,,,,
$481.84 ,Widowed,High School,,,,,,,
$165.01 ,Divorced,Master's,,,,,,,
$56.85 ,Divorced,High School,,,,,,,
$182.89 ,Single,Bachelor's,,,,,,,
$373.01 ,Widowed,High School,,,,,,,
$220.77 ,Single,Master's,,,,,,,
$291.09 ,Married,Master's,,,,,,,
$414.06 ,Married,Bachelor's,,,,,,,
$408.51 ,Widowed,Bachelor's,,,,,,,
9,Married,High School,,,,,,,
$67.92 ,Single,High School,,,,,,,
$354.16 ,Single,High School,,,,,,,
$276.77 ,Widowed,Bachelor's,,,,,,,
$190.25 ,Single,High School,,,,,,,
$203.49 ,Married,Master's,,,,,,,
$263.50 ,Single,High School,,,,,,,
$247.30 ,Divorced,Bachelor's,,,,,,,
$50.71 ,Married,Bachelor's,,,,,,,
$131.85 ,Married,High School,,,,,,,
$459.39 ,Married,Master's,,,,,,,
$383.33 ,Divorced,High School,,,,,,,
$212.08 ,Widowed,Bachelor's,,,,,,,
$370.73 ,Married,Master's,,,,,,,
$319.66 ,Divorced,Master's,,,,,,,
$373.05 ,Widowed,Bachelor's,,,,,,,
$393.78 ,Married,Bachelor's,,,,,,,
$245.04 ,Widowed,Master's,,,,,,,
$111.27 ,Divorced,Master's,,,,,,,
$93.29 ,Single,Bachelor's,,,,,,,
$156.50 ,Married,High School,,,,,,,
$290.11 ,Single,Master's,,,,,,,
$355.28 ,Single,Bachelor's,,,,,,,
$73.74 ,Single,Bachelor's,,,,,,,
$170.35 ,Widowed,Master's,,,,,,,
$123.70 ,Single,Master's,,,,,,,
$201.60 ,Single,Master's,,,,,,,
$116.14 ,Single,Master's,,,,,,,
$483.38 ,Single,Master's,,,,,,,
$418.62 ,Single,High School,,,,,,,
$139.83 ,Divorced,Bachelor's,,,,,,,
$54.17 ,Married,Master's,,,,,,,
$437.59 ,Divorced,Master's,,,,,,,
$113.57 ,Widowed,Bachelor's,,,,,,,
$305.54 ,Single,High School,,,,,,,
$339.12 ,Divorced,High School,,,,,,,
$323.40 ,Divorced,Bachelor's,,,,,,,
$472.61 ,Married,High School,,,,,,,
$68.02 ,Widowed,High School,,,,,,,
$199.44 ,Single,Master's,,,,,,,
$250.73 ,Divorced,High School,,,,,,,
$372.49 ,Single,High School,,,,,,,
$186.85 ,Widowed,High School,,,,,,,
$73.32 ,Widowed,Master's,,,,,,,
$214.59 ,Widowed,Bachelor's,,,,,,,
$467.32 ,Widowed,High School,,,,,,,
$475.65 ,Married,Master's,,,,,,,
$161.38 ,Widowed,Master's,,,,,,,
$249.78 ,Single,Bachelor's,,,,,,,
$149.88 ,Divorced,High School,,,,,,,
$347.09 ,Divorced,Master's,,,,,,,
$345.49 ,Widowed,Master's,,,,,,,
$297.24 ,Divorced,Bachelor's,,,,,,,
$494.34 ,Divorced,Bachelor's,,,,,,,
$443.52 ,Married,Master's,,,,,,,
$457.18 ,Divorced,High School,,,,,,,
$407.88 ,Single,Master's,,,,,,,
$448.68 ,Widowed,Bachelor's,,,,,,,
$255.96 ,Widowed,Bachelor's,,,,,,,
$146.07 ,Married,High School,,,,,,,
$311.90 ,Single,High School,,,,,,,
$301.60 ,Widowed,High School,,,,,,,
$297.45 ,Widowed,Bachelor's,,,,,,,
$157.26 ,Widowed,Bachelor's,,,,,,,
$239.46 ,Widowed,Master's,,,,,,,
$240.82 ,Widowed,High School,,,,,,,
$302.07 ,Single,Master's,,,,,,,
$367.99 ,Widowed,Bachelor's,,,,,,,
$359.75 ,Married,Master's,,,,,,,
$204.44 ,Divorced,Bachelor's,,,,,,,
$228.93 ,Single,Master's,,,,,,,
$355.31 ,Single,High School,,,,,,,
$334.67 ,Married,High School,,,,,,,
$182.72 ,Widowed,Master's,,,,,,,
$260.22 ,Widowed,High School,,,,,,,
$454.93 ,Single,High School,,,,,,,
$325.42 ,Widowed,Bachelor's,,,,,,,
$351.36 ,Widowed,High School,,,,,,,
$333.63 ,Single,Bachelor's,,,,,,,
$469.90 ,Married,Bachelor's,,,,,,,
$207.52 ,Married,Bachelor's,,,,,,,
$125.89 ,Single,Bachelor's,,,,,,,
$170.77 ,Single,Master's,,,,,,,
$63.91 ,Divorced,Master's,,,,,,,
$340.55 ,Married,High School,,,,,,,
$378.14 ,Divorced,Bachelor's,,,,,,,
$235.84 ,Married,Bachelor's,,,,,,,
$164.44 ,Widowed,High School,,,,,,,
$455.81 ,Married,Bachelor's,,,,,,,
$298.32 ,Widowed,Master's,,,,,,,
$351.71 ,Single,Bachelor's,,,,,,,
$393.48 ,Divorced,Bachelor's,,,,,,,
$241.72 ,Single,High School,,,,,,,
$280.20 ,Single,Bachelor's,,,,,,,
$178.04 ,Single,Master's,,,,,,,
$347.99 ,Married,Master's,,,,,,,
$343.81 ,Single,Master's,,,,,,,
$105.29 ,Married,Master's,,,,,,,
$483.66 ,Single,High School,,,,,,,
$69.41 ,Married,Bachelor's,,,,,,,
$207.18 ,Single,Master's,,,,,,,
$454.15 ,Divorced,High School,,,,,,,
$113.01 ,Widowed,High School,,,,,,,
$419.13 ,Divorced,Bachelor's,,,,,,,
$183.86 ,Single,Bachelor's,,,,,,,
$53.87 ,Widowed,Master's,,,,,,,
$427.82 ,Widowed,Bachelor's,,,,,,,
$282.82 ,Divorced,Bachelor's,,,,,,,
$215.31 ,Divorced,Master's,,,,,,,
$183.66 ,Widowed,Master's,,,,,,,
$198.73 ,Divorced,High School,,,,,,,
$265.72 ,Married,High School,,,,,,,
$138.35 ,Married,Master's,,,,,,,
$441.87 ,Divorced,Bachelor's,,,,,,,
$178.29 ,Married,Master's,,,,,,,
$77.08 ,Widowed,High School,,,,,,,
$266.90 ,Married,High School,,,,,,,
$269.84 ,Divorced,Bachelor's,,,,,,,
$334.22 ,Married,Master's,,,,,,,
$474.56 ,Married,High School,,,,,,,
$360.91 ,Married,Master's,,,,,,,
$373.49 ,Widowed,Bachelor's,,,,,,,
$462.30 ,Married,Master's,,,,,,,
$332.67 ,Single,Master's,,,,,,,
$235.39 ,Divorced,Master's,,,,,,,
$269.78 ,Married,High School,,,,,,,
$498.33 ,Married,Bachelor's,,,,,,,
$182.94 ,Single,High School,,,,,,,
$121.70 ,Divorced,Master's,,,,,,,
$489.27 ,Widowed,Master's,,,,,,,
$303.93 ,Married,Bachelor's,,,,,,,
$302.74 ,Married,Bachelor's,,,,,,,
$157.21 ,Single,Bachelor's,,,,,,,
$159.45 ,Widowed,High School,,,,,,,
$312.93 ,Widowed,High School,,,,,,,
$65.68 ,Married,Master's,,,,,,,
$61.86 ,Single,Master's,,,,,,,
$343.77 ,Single,Master's,,,,,,,
$107.21 ,Divorced,Master's,,,,,,,
$148.98 ,Single,Master's,,,,,,,
$490.41 ,Widowed,Master's,,,,,,,
$461.34 ,Married,High School,,,,,,,
$338.89 ,Single,Master's,,,,,,,
$222.63 ,Married,High School,,,,,,,
$71.95 ,Married,High School,,,,,,,
$264.52 ,Divorced,High School,,,,,,,
$414.80 ,Divorced,High School,,,,,,,
$50.79 ,Single,Bachelor's,,,,,,,
$264.30 ,Married,High School,,,,,,,
$122.46 ,Married,Bachelor's,,,,,,,
$238.01 ,Widowed,High School,,,,,,,
$490.34 ,Married,Master's,,,,,,,
$245.98 ,Divorced,Bachelor's,,,,,,,
$390.83 ,Widowed,High School,,,,,,,
$158.84 ,Widowed,High School,,,,,,,
$439.24 ,Single,High School,,,,,,,
$92.43 ,Widowed,Master's,,,,,,,
$333.15 ,Married,Master's,,,,,,,
$64.22 ,Divorced,Master's,,,,,,,
$290.53 ,Single,High School,,,,,,,
$251.80 ,Divorced,Bachelor's,,,,,,,
$480.52 ,Divorced,Master's,,,,,,,
$461.71 ,Married,High School,,,,,,,
$288.34 ,Married,High School,,,,,,,
$194.08 ,Divorced,Bachelor's,,,,,,,
$198.45 ,Widowed,High School,,,,,,,
$216.45 ,Married,Master's,,,,,,,
$358.72 ,Widowed,Bachelor's,,,,,,,
$367.56 ,Widowed,Bachelor's,,,,,,,
$88.78 ,Divorced,High School,,,,,,,
$465.85 ,Married,Bachelor's,,,,,,,
$262.61 ,Married,High School,,,,,,,
$91.24 ,Widowed,Master's,,,,,,,
$425.69 ,Married,High School,,,,,,,
$446.11 ,Married,Bachelor's,,,,,,,
$490.11 ,Single,High School,,,,,,,
$403.57 ,Divorced,High School,,,,,,,
$442.15 ,Married,Bachelor's,,,,,,,
$78.71 ,Widowed,Bachelor's,,,,,,,
$491.51 ,Widowed,High School,,,,,,,
$457.39 ,Single,Bachelor's,,,,,,,
$178.61 ,Divorced,High School,,,,,,,
$492.51 ,Single,High School,,,,,,,
$411.40 ,Married,Bachelor's,,,,,,,
$96.52 ,Divorced,Master's,,,,,,,
$65.45 ,Married,High School,,,,,,,
$255.86 ,Single,High School,,,,,,,
$74.69 ,Divorced,Bachelor's,,,,,,,
$430.75 ,Widowed,Master's,,,,,,,
$370.17 ,Widowed,Master's,,,,,,,
$384.26 ,Divorced,Master's,,,,,,,
$128.01 ,Married,Master's,,,,,,,
$301.40 ,Married,High School,,,,,,,
$397.25 ,Single,High School,,,,,,,
$96.18 ,Divorced,High School,,,,,,,
$390.44 ,Divorced,Bachelor's,,,,,,,
$61.50 ,Single,Bachelor's,,,,,,,
$234.44 ,Divorced,High School,,,,,,,
$318.84 ,Single,Master's,,,,,,,
$327.32 ,Single,Master's,,,,,,,
$475.64 ,Divorced,Master's,,,,,,,
$68.59 ,Widowed,Master's,,,,,,,
$133.04 ,Divorced,Bachelor's,,,,,,,
$196.63 ,Married,High School,,,,,,,
$473.96 ,Divorced,Bachelor's,,,,,,,
$472.52 ,Married,High School,,,,,,,
$335.80 ,Married,Bachelor's,,,,,,,
$85.57 ,Single,High School,,,,,,,
$108.50 ,Single,Master's,,,,,,,
$172.50 ,Divorced,Bachelor's,,,,,,,
$212.80 ,Single,High School,,,,,,,
$324.41 ,Married,Bachelor's,,,,,,,
$342.39 ,Widowed,High School,,,,,,,
$446.86 ,Divorced,Bachelor's,,,,,,,
$463.15 ,Divorced,Master's,,,,,,,
$122.99 ,Divorced,Bachelor's,,,,,,,
$322.40 ,Widowed,Master's,,,,,,,
$73.19 ,Married,High School,,,,,,,
$279.08 ,Married,Master's,,,,,,,
$478.85 ,Single,High School,,,,,,,
$86.39 ,Widowed,Master's,,,,,,,
$192.35 ,Widowed,Bachelor's,,,,,,,
$235.32 ,Divorced,Bachelor's,,,,,,,
$212.63 ,Widowed,High School,,,,,,,
$246.63 ,Widowed,Master's,,,,,,,
$228.47 ,Widowed,Bachelor's,,,,,,,
$343.77 ,Single,Master's,,,,,,,
$339.32 ,Married,Bachelor's,,,,,,,
$327.05 ,Divorced,Bachelor's,,,,,,,
$334.45 ,Divorced,Master's,,,,,,,
$366.16 ,Single,Bachelor's,,,,,,,
$481.78 ,Widowed,Bachelor's,,,,,,,
$131.48 ,Widowed,Bachelor's,,,,,,,
$402.86 ,Widowed,Master's,,,,,,,
$333.18 ,Single,Bachelor's,,,,,,,
$73.23 ,Widowed,Master's,,,,,,,
$450.47 ,Divorced,Master's,,,,,,,
5,Single,High School,,,,,,,
$182.60 ,Single,Master's,,,,,,,
$497.80 ,Widowed,Bachelor's,,,,,,,
$171.17 ,Divorced,High School,,,,,,,
$425.82 ,Single,Bachelor's,,,,,,,
$210.58 ,Widowed,Bachelor's,,,,,,,
$199.64 ,Single,High School,,,,,,,
$162.22 ,Married,Bachelor's,,,,,,,
$401.75 ,Married,Bachelor's,,,,,,,
$365.88 ,Married,Master's,,,,,,,
$58.29 ,Single,High School,,,,,,,
$66.86 ,Married,Master's,,,,,,,
$279.34 ,Single,Bachelor's,,,,,,,
$358.50 ,Divorced,Bachelor's,,,,,,,
$360.92 ,Widowed,Bachelor's,,,,,,,
$374.36 ,Married,Master's,,,,,,,
$435.37 ,Widowed,High School,,,,,,,
$459.30 ,Single,Master's,,,,,,,
$426.89 ,Divorced,Master's,,,,,,,
$365.37 ,Divorced,Master's,,,,,,,
$487.25 ,Divorced,Master's,,,,,,,
$187.22 ,Married,High School,,,,,,,
$396.82 ,Divorced,Master's,,,,,,,
$246.74 ,Divorced,Master's,,,,,,,
$128.74 ,Widowed,Bachelor's,,,,,,,
$339.63 ,Widowed,Master's,,,,,,,
$223.58 ,Single,Bachelor's,,,,,,,
$446.92 ,Widowed,Bachelor's,,,,,,,
$175.65 ,Divorced,Bachelor's,,,,,,,
$491.49 ,Married,Bachelor's,,,,,,,
$88.40 ,Widowed,Bachelor's,,,,,,,
$430.90 ,Widowed,Master's,,,,,,,
$435.23 ,Widowed,High School,,,,,,,
$218.65 ,Divorced,Master's,,,,,,,
$207.66 ,Widowed,High School,,,,,,,
$141.09 ,Married,High School,,,,,,,
$142.70 ,Divorced,Bachelor's,,,,,,,
$64.09 ,Divorced,Master's,,,,,,,
$126.26 ,Married,High School,,,,,,,
$195.05 ,Single,High School,,,,,,,
$432.84 ,Married,Master's,,,,,,,
$404.12 ,Married,Bachelor's,,,,,,,
$438.26 ,Divorced,Master's,,,,,,,
$233.02 ,Single,Bachelor's,,,,,,,
$273.41 ,Widowed,Bachelor's,,,,,,,
$338.96 ,Married,High School,,,,,,,
$75.91 ,Divorced,Master's,,,,,,,
$425.21 ,Married,High School,,,,,,,
$268.80 ,Married,Master's,,,,,,,
$170.71 ,Divorced,Master's,,,,,,,
$444.05 ,Widowed,High School,,,,,,,
$255.10 ,Divorced,High School,,,,,,,
$236.44 ,Widowed,Bachelor's,,,,,,,
$201.69 ,Widowed,Bachelor's,,,,,,,
$390.51 ,Single,Bachelor's,,,,,,,
$442.29 ,Divorced,Master's,,,,,,,
$89.60 ,Single,High School,,,,,,,
$166.74 ,Widowed,High School,,,,,,,
$299.28 ,Married,Bachelor's,,,,,,,
$404.57 ,Widowed,Master's,,,,,,,
$344.81 ,Single,Bachelor's,,,,,,,
$217.84 ,Single,Master's,,,,,,,
$445.34 ,Divorced,Bachelor's,,,,,,,
$151.73 ,Widowed,High School,,,,,,,
$123.73 ,Married,High School,,,,,,,
$370.54 ,Single,Master's,,,,,,,
$152.87 ,Married,Master's,,,,,,,
$295.75 ,Single,Master's,,,,,,,
$358.11 ,Widowed,High School,,,,,,,
$63.60 ,Widowed,Master's,,,,,,,
$419.53 ,Single,High School,,,,,,,
$491.92 ,Widowed,High School,,,,,,,
$114.44 ,Divorced,High School,,,,,,,
$388.82 ,Married,Master's,,,,,,,
$58.32 ,Married,Bachelor's,,,,,,,
$464.76 ,Divorced,Master's,,,,,,,
$116.92 ,Divorced,Master's,,,,,,,
$396.76 ,Divorced,Bachelor's,,,,,,,
$393.35 ,Widowed,Master's,,,,,,,
$114.03 ,Single,Master's,,,,,,,
$109.97 ,Single,Bachelor's,,,,,,,
$310.23 ,Widowed,Master's,,,,,,,
$383.13 ,Divorced,Master's,,,,,,,
$434.86 ,Single,High School,,,,,,,
$489.10 ,Married,Bachelor's,,,,,,,
$288.15 ,Married,Bachelor's,,,,,,,
$105.87 ,Divorced,Master's,,,,,,,
$163.40 ,Widowed,High School,,,,,,,
$422.92 ,Single,High School,,,,,,,
$361.48 ,Divorced,High School,,,,,,,
$270.82 ,Single,Master's,,,,,,,
$372.26 ,Widowed,High School,,,,,,,
$208.59 ,Widowed,Bachelor's,,,,,,,
$163.22 ,Widowed,High School,,,,,,,
$364.98 ,Married,High School,,,,,,,
$142.43 ,Divorced,Master's,,,,,,,
$449.72 ,Married,Bachelor's,,,,,,,
$241.56 ,Single,Bachelor's,,,,,,,
$249.73 ,Divorced,Master's,,,,,,,
$437.30 ,Married,Master's,,,,,,,
$277.29 ,Married,Master's,,,,,,,
$445.93 ,Single,High School,,,,,,,
$242.79 ,Married,Bachelor's,,,,,,,
$393.09 ,Single,Bachelor's,,,,,,,
$167.61 ,Single,Master's,,,,,,,
$324.22 ,Divorced,High School,,,,,,,
$159.30 ,Divorced,Bachelor's,,,,,,,
$324.39 ,Widowed,Master's,,,,,,,
$198.89 ,Single,High School,,,,,,,
$287.18 ,Divorced,Master's,,,,,,,
$162.24 ,Divorced,High School,,,,,,,
$92.97 ,Divorced,Bachelor's,,,,,,,
$144.39 ,Widowed,High School,,,,,,,
$253.37 ,Single,High School,,,,,,,
$209.62 ,Widowed,High School,,,,,,,
$411.62 ,Single,High School,,,,,,,
$388.01 ,Single,Bachelor's,,,,,,,
$50.78 ,Widowed,High School,,,,,,,
$159.82 ,Divorced,Bachelor's,,,,,,,
$79.43 ,Divorced,Master's,,,,,,,
$131.36 ,Married,Bachelor's,,,,,,,
$299.75 ,Widowed,High School,,,,,,,
$319.38 ,Divorced,Bachelor's,,,,,,,
$476.48 ,Single,Master's,,,,,,,
$301.01 ,Widowed,Bachelor's,,,,,,,
$378.71 ,Single,Bachelor's,,,,,,,
$314.32 ,Single,Bachelor's,,,,,,,
$210.90 ,Married,High School,,,,,,,
$218.26 ,Divorced,High School,,,,,,,
$424.18 ,Widowed,Master's,,,,,,,
$430.75 ,Divorced,High School,,,,,,,
$162.95 ,Single,Bachelor's,,,,,,,
$209.68 ,Married,Master's,,,,,,,
$97.97 ,Widowed,Bachelor's,,,,,,,
$192.51 ,Widowed,Master's,,,,,,,
$151.81 ,Widowed,Master's,,,,,,,
$239.28 ,Married,High School,,,,,,,
$306.17 ,Widowed,High School,,,,,,,
$370.38 ,Widowed,Master's,,,,,,,
$346.58 ,Single,Bachelor's,,,,,,,
$292.64 ,Single,High School,,,,,,,
$102.91 ,Married,Bachelor's,,,,,,,
$283.78 ,Widowed,Bachelor's,,,,,,,
$51.44 ,Widowed,High School,,,,,,,
$405.70 ,Married,Bachelor's,,,,,,,
$311.74 ,Widowed,Master's,,,,,,,
$293.43 ,Widowed,Bachelor's,,,,,,,
$418.51 ,Single,Bachelor's,,,,,,,
$85.03 ,Single,Master's,,,,,,,
$164.94 ,Married,Master's,,,,,,,
$89.32 ,Widowed,Bachelor's,,,,,,,
$388.26 ,Married,High School,,,,,,,
$106.69 ,Divorced,Master's,,,,,,,
$301.16 ,Married,Bachelor's,,,,,,,
$61.71 ,Divorced,High School,,,,,,,
$83.33 ,Divorced,High School,,,,,,,
$411.81 ,Single,Bachelor's,,,,,,,
$114.93 ,Married,Master's,,,,,,,
$438.42 ,Divorced,Master's,,,,,,,
$189.97 ,Widowed,Master's,,,,,,,
$227.03 ,Divorced,Master's,,,,,,,
$278.49 ,Divorced,Bachelor's,,,,,,,
$120.56 ,Widowed,Bachelor's,,,,,,,
$320.94 ,Divorced,Bachelor's,,,,,,,
$217.72 ,Divorced,Master's,,,,,,,
$222.61 ,Widowed,Bachelor's,,,,,,,
$102.73 ,Divorced,High School,,,,,,,
$426.87 ,Married,Bachelor's,,,,,,,
$473.28 ,Widowed,High School,,,,,,,
$446.03 ,Widowed,Bachelor's,,,,,,,
$287.95 ,Single,Bachelor's,,,,,,,
$132.52 ,Widowed,Master's,,,,,,,
$379.20 ,Married,Bachelor's,,,,,,,
$447.53 ,Married,High School,,,,,,,
$138.44 ,Divorced,Bachelor's,,,,,,,
$440.62 ,Single,High School,,,,,,,
$145.98 ,Divorced,Master's,,,,,,,
$405.66 ,Married,High School,,,,,,,
$419.98 ,Single,High School,,,,,,,
$260.14 ,Divorced,Master's,,,,,,,
$368.91 ,Widowed,Bachelor's,,,,,,,
$100.32 ,Widowed,Master's,,,,,,,
$107.82 ,Married,Master's,,,,,,,
$83.88 ,Married,High School,,,,,,,
$81.25 ,Widowed,Bachelor's,,,,,,,
$125.80 ,Widowed,Master's,,,,,,,
$197.90 ,Single,Bachelor's,,,,,,,
$299.09 ,Divorced,High School,,,,,,,
$79.30 ,Married,High School,,,,,,,
$55.73 ,Divorced,High School,,,,,,,
$256.44 ,Single,Bachelor's,,,,,,,
$337.21 ,Married,Bachelor's,,,,,,,
$494.97 ,Single,Master's,,,,,,,
$238.58 ,Widowed,High School,,,,,,,
$131.90 ,Single,Bachelor's,,,,,,,
$403.03 ,Married,Bachelor's,,,,,,,
$338.60 ,Widowed,Bachelor's,,,,,,,
$365.38 ,Widowed,High School,,,,,,,
$433.99 ,Married,High School,,,,,,,
$495.95 ,Widowed,High School,,,,,,,
$356.22 ,Married,High School,,,,,,,
$156.40 ,Single,High School,,,,,,,
$454.36 ,Single,Master's,,,,,,,
$486.07 ,Single,Bachelor's,,,,,,,
$427.86 ,Divorced,High School,,,,,,,
$235.13 ,Divorced,Master's,,,,,,,
$361.27 ,Divorced,Bachelor's,,,,,,,
$195.83 ,Single,Bachelor's,,,,,,,
$340.31 ,Married,Master's,,,,,,,
$489.67 ,Divorced,Master's,,,,,,,
$482.50 ,Divorced,Master's,,,,,,,
$433.14 ,Married,Master's,,,,,,,
$375.70 ,Widowed,High School,,,,,,,
$381.30 ,Single,Master's,,,,,,,
$210.21 ,Widowed,High School,,,,,,,
$408.81 ,Widowed,Master's,,,,,,,
$118.65 ,Divorced,Bachelor's,,,,,,,
$166.45 ,Divorced,Bachelor's,,,,,,,
$385.32 ,Divorced,Master's,,,,,,,
$293.99 ,Married,Bachelor's,,,,,,,
$161.41 ,Widowed,High School,,,,,,,
$130.92 ,Single,Master's,,,,,,,
$468.60 ,Divorced,Bachelor's,,,,,,,
$237.57 ,Divorced,Bachelor's,,,,,,,
$395.18 ,Divorced,High School,,,,,,,
$427.94 ,Married,High School,,,,,,,
$81.23 ,Single,Bachelor's,,,,,,,
$257.43 ,Single,High School,,,,,,,
$305.73 ,Divorced,High School,,,,,,,
$249.82 ,Single,Bachelor's,,,,,,,
$332.79 ,Divorced,Bachelor's,,,,,,,
$78.90 ,Single,Bachelor's,,,,,,,
$122.55 ,Widowed,High School,,,,,,,
$307.61 ,Divorced,Bachelor's,,,,,,,
$152.33 ,Divorced,Bachelor's,,,,,,,
$465.07 ,Divorced,Bachelor's,,,,,,,
$498.23 ,Single,Master's,,,,,,,
$491.18 ,Widowed,High School,,,,,,,
$149.42 ,Divorced,Bachelor's,,,,,,,
$82.13 ,Single,Master's,,,,,,,
$425.18 ,Divorced,Bachelor's,,,,,,,
$176.12 ,Married,Master's,,,,,,,
$70.30 ,Single,High School,,,,,,,
$319.39 ,Married,Bachelor's,,,,,,,
$113.51 ,Widowed,High School,,,,,,,
$492.74 ,Single,Bachelor's,,,,,,,
$143.80 ,Divorced,Master's,,,,,,,
$158.54 ,Widowed,Bachelor's,,,,,,,
$213.39 ,Married,Bachelor's,,,,,,,
$127.18 ,Divorced,Bachelor's,,,,,,,
$476.63 ,Divorced,Master's,,,,,,,
$56.02 ,Single,Bachelor's,,,,,,,
$398.97 ,Widowed,Bachelor's,,,,,,,
$53.45 ,Divorced,High School,,,,,,,
$61.19 ,Married,Bachelor's,,,,,,,
$471.31 ,Married,High School,,,,,,,
$179.19 ,Divorced,High School,,,,,,,
$294.61 ,Divorced,High School,,,,,,,
$375.45 ,Widowed,Bachelor's,,,,,,,
$83.50 ,Widowed,Master's,,,,,,,
$109.88 ,Married,High School,,,,,,,
$182.54 ,Married,High School,,,,,,,
$465.48 ,Widowed,Bachelor's,,,,,,,
$224.52 ,Married,High School,,,,,,,
$281.37 ,Widowed,Master's,,,,,,,
$125.68 ,Married,Bachelor's,,,,,,,
$178.21 ,Single,High School,,,,,,,
$483.23 ,Divorced,Bachelor's,,,,,,,
$415.30 ,Married,Master's,,,,,,,
$85.52 ,Married,Master's,,,,,,,
$422.31 ,Widowed,High School,,,,,,,
$70.42 ,Married,High School,,,,,,,
$437.40 ,Widowed,Master's,,,,,,,
$207.11 ,Divorced,Bachelor's,,,,,,,
$378.87 ,Widowed,Bachelor's,,,,,,,
10,Divorced,High School,,,,,,,
$330.27 ,Married,Bachelor's,,,,,,,
$410.29 ,Married,Master's,,,,,,,
$400.86 ,Divorced,Master's,,,,,,,
$225.12 ,Married,Master's,,,,,,,
$273.48 ,Widowed,Master's,,,,,,,
$363.84 ,Single,Master's,,,,,,,
$302.60 ,Single,Bachelor's,,,,,,,
$317.09 ,Divorced,High School,,,,,,,
$193.32 ,Married,High School,,,,,,,
$282.24 ,Widowed,High School,,,,,,,
$154.19 ,Divorced,Master's,,,,,,,
$84.15 ,Widowed,Bachelor's,,,,,,,
$214.69 ,Divorced,High School,,,,,,,
$61.21 ,Married,Bachelor's,,,,,,,
$462.48 ,Single,High School,,,,,,,
$449.18 ,Married,Bachelor's,,,,,,,
$314.36 ,Married,Master's,,,,,,,
$367.70 ,Married,Bachelor's,,,,,,,
$229.97 ,Single,High School,,,,,,,
$226.53 ,Widowed,Bachelor's,,,,,,,
$218.32 ,Divorced,Master's,,,,,,,
$132.67 ,Widowed,High School,,,,,,,
$416.96 ,Single,Master's,,,,,,,
$459.51 ,Married,Master's,,,,,,,
$487.96 ,Married,High School,,,,,,,
$150.11 ,Divorced,High School,,,,,,,
$218.87 ,Married,High School,,,,,,,
$437.06 ,Married,Bachelor's,,,,,,,
$122.58 ,Married,Bachelor's,,,,,,,
$195.07 ,Married,Master's,,,,,,,
$190.06 ,Single,High School,,,,,,,
$485.76 ,Single,High School,,,,,,,
$242.57 ,Single,Bachelor's,,,,,,,
$303.13 ,Widowed,High School,,,,,,,
$136.10 ,Widowed,Master's,,,,,,,
$249.02 ,Single,Bachelor's,,,,,,,
$466.74 ,Divorced,High School,,,,,,,
$229.30 ,Married,High School,,,,,,,
$450.52 ,Single,High School,,,,,,,
$246.44 ,Divorced,Bachelor's,,,,,,,
$93.52 ,Widowed,High School,,,,,,,
$137.75 ,Married,High School,,,,,,,
$78.64 ,Married,Master's,,,,,,,
$214.82 ,Divorced,Master's,,,,,,,
$57.39 ,Married,Bachelor's,,,,,,,
$363.91 ,Single,High School,,,,,,,
$304.79 ,Single,High School,,,,,,,
$363.98 ,Divorced,High School,,,,,,,
$249.60 ,Widowed,Bachelor's,,,,,,,
$345.04 ,Married,Bachelor's,,,,,,,
$59.15 ,Single,High School,,,,,,,
$461.81 ,Single,Master's,,,,,,,
$280.88 ,Divorced,Bachelor's,,,,,,,
$283.70 ,Married,Master's,,,,,,,
$411.95 ,Widowed,High School,,,,,,,
$476.11 ,Widowed,Master's,,,,,,,
$399.24 ,Married,Master's,,,,,,,
$90.79 ,Divorced,Master's,,,,,,,
$229.56 ,Married,Master's,,,,,,,
$160.47 ,Divorced,High School,,,,,,,
$104.74 ,Married,High School,,,,,,,
$399.95 ,Widowed,Master's,,,,,,,
$337.33 ,Divorced,Bachelor's,,,,,,,
$204.83 ,Widowed,Master's,,,,,,,
$193.94 ,Widowed,Master's,,,,,,,
$460.37 ,Married,Master's,,,,,,,
$297.29 ,Single,Bachelor's,,,,,,,
$389.47 ,Single,Bachelor's,,,,,,,
$370.05 ,Single,Master's,,,,,,,
$462.24 ,Single,Master's,,,,,,,
$472.53 ,Married,High School,,,,,,,
$407.29 ,Married,High School,,,,,,,
$135.65 ,Married,Bachelor's,,,,,,,
$352.35 ,Single,Bachelor's,,,,,,,
$441.73 ,Single,High School,,,,,,,
$105.95 ,Divorced,High School,,,,,,,
$351.54 ,Single,Master's,,,,,,,
$321.26 ,Divorced,Bachelor's,,,,,,,
$421.50 ,Divorced,High School,,,,,,,
$253.29 ,Widowed,High School,,,,,,,
$217.62 ,Divorced,High School,,,,,,,
$226.04 ,Single,Bachelor's,,,,,,,
$52.79 ,Single,Bachelor's,,,,,,,
$385.08 ,Widowed,High School,,,,,,,
$181.10 ,Widowed,Master's,,,,,,,
$246.41 ,Single,Master's,,,,,,,
$140.87 ,Divorced,Bachelor's,,,,,,,
$151.25 ,Single,Master's,,,,,,,
$171.52 ,Divorced,Master's,,,,,,,
$399.56 ,Widowed,Master's,,,,,,,
$173.46 ,Widowed,Master's,,,,,,,
$332.14 ,Widowed,Bachelor's,,,,,,,
$247.05 ,Single,Bachelor's,,,,,,,
$365.88 ,Single,Bachelor's,,,,,,,
$354.92 ,Married,Bachelor's,,,,,,,
$195.46 ,Single,High School,,,,,,,
$474.03 ,Married,Master's,,,,,,,
$106.96 ,Married,Bachelor's,,,,,,,
$371.84 ,Married,Master's,,,,,,,
$461.16 ,Single,Bachelor's,,,,,,,
$497.75 ,Single,High School,,,,,,,
$492.83 ,Married,Master's,,,,,,,
$295.54 ,Divorced,High School,,,,,,,
$494.81 ,Widowed,High School,,,,,,,
$160.25 ,Single,Master's,,,,,,,
$198.36 ,Married,Master's,,,,,,,
$82.39 ,Divorced,Bachelor's,,,,,,,
$290.56 ,Married,Master's,,,,,,,
$206.79 ,Divorced,Master's,,,,,,,
$401.43 ,Married,High School,,,,,,,
$188.17 ,Widowed,Master's,,,,,,,
$83.21 ,Single,High School,,,,,,,
$54.74 ,Divorced,Master's,,,,,,,
$371.12 ,Divorced,Master's,,,,,,,
$293.64 ,Single,High School,,,,,,,
$185.83 ,Married,High School,,,,,,,
$117.13 ,Divorced,Master's,,,,,,,
$52.24 ,Married,Master's,,,,,,,
$446.69 ,Married,Bachelor's,,,,,,,
$216.84 ,Married,High School,,,,,,,
$75.27 ,Divorced,High School,,,,,,,
$308.87 ,Widowed,Master's,,,,,,,
$169.77 ,Divorced,Master's,,,,,,,
$289.08 ,Divorced,High School,,,,,,,
$74.09 ,Single,High School,,,,,,,
$201.53 ,Married,High School,,,,,,,
$244.60 ,Divorced,Bachelor's,,,,,,,
$320.50 ,Widowed,Bachelor's,,,,,,,
$91.63 ,Widowed,Master's,,,,,,,
$251.93 ,Married,Master's,,,,,,,
$477.35 ,Married,Bachelor's,,,,,,,
$86.63 ,Widowed,Master's,,,,,,,
$474.42 ,Divorced,High School,,,,,,,
$429.24 ,Widowed,High School,,,,,,,
$470.38 ,Married,High School,,,,,,,
$495.80 ,Single,Master's,,,,,,,
$129.64 ,Widowed,Bachelor's,,,,,,,
$473.77 ,Single,Master's,,,,,,,
$130.84 ,Married,High School,,,,,,,
$436.54 ,Single,Master's,,,,,,,
$264.01 ,Widowed,Bachelor's,,,,,,,
$58.27 ,Divorced,Bachelor's,,,,,,,
$190.76 ,Single,Master's,,,,,,,
$105.76 ,Widowed,Master's,,,,,,,
$254.29 ,Single,Master's,,,,,,,
$435.52 ,Divorced,Bachelor's,,,,,,,
$235.49 ,Married,Master's,,,,,,,
$161.34 ,Widowed,Master's,,,,,,,
$167.67 ,Single,Master's,,,,,,,
$96.68 ,Widowed,High School,,,,,,,
$234.58 ,Married,Master's,,,,,,,
$156.48 ,Married,Master's,,,,,,,
$489.66 ,Widowed,Bachelor's,,,,,,,
$161.85 ,Divorced,Master's,,,,,,,
$204.47 ,Widowed,Master's,,,,,,,
$315.03 ,Widowed,Bachelor's,,,,,,,
$330.36 ,Single,Master's,,,,,,,
$456.83 ,Single,Bachelor's,,,,,,,
$236.05 ,Widowed,Bachelor's,,,,,,,
$289.28 ,Widowed,High School,,,,,,,
$483.77 ,Married,High School,,,,,,,
$64.50 ,Married,High School,,,,,,,
$436.57 ,Married,Bachelor's,,,,,,,
$364.48 ,Widowed,High School,,,,,,,
$221.88 ,Widowed,Master's,,,,,,,
$278.21 ,Single,High School,,,,,,,
$344.43 ,Married,Master's,,,,,,,
$326.08 ,Single,Master's,,,,,,,
$437.97 ,Married,Bachelor's,,,,,,,
$391.87 ,Single,Master's,,,,,,,
$333.41 ,Single,Master's,,,,,,,
$251.54 ,Single,Bachelor's,,,,,,,
$292.08 ,Single,High School,,,,,,,
$204.29 ,Widowed,Bachelor's,,,,,,,
$258.68 ,Single,High School,,,,,,,
$258.02 ,Married,Bachelor's,,,,,,,
$181.87 ,Single,Master's,,,,,,,
$81.18 ,Divorced,High School,,,,,,,
$382.94 ,Divorced,Master's,,,,,,,
$402.82 ,Single,Bachelor's,,,,,,,
$497.76 ,Single,Bachelor's,,,,,,,
$227.58 ,Single,High School,,,,,,,
$263.57 ,Divorced,Bachelor's,,,,,,,
$422.09 ,Married,High School,,,,,,,
$411.83 ,Married,Master's,,,,,,,
$242.65 ,Single,Master's,,,,,,,
$298.93 ,Widowed,Master's,,,,,,,
$191.21 ,Single,Bachelor's,,,,,,,
$136.67 ,Married,Master's,,,,,,,
$324.11 ,Widowed,Master's,,,,,,,
$105.64 ,Widowed,Bachelor's,,,,,,,
$295.60 ,Widowed,Master's,,,,,,,
$227.03 ,Single,Master's,,,,,,,
$485.77 ,Divorced,Bachelor's,,,,,,,
$173.43 ,Widowed,High School,,,,,,,
$462.96 ,Widowed,High School,,,,,,,
$203.13 ,Divorced,High School,,,,,,,
$443.11 ,Married,Master's,,,,,,,
$254.83 ,Divorced,High School,,,,,,,
$336.89 ,Single,Master's,,,,,,,
$337.17 ,Married,Bachelor's,,,,,,,
$429.24 ,Single,High School,,,,,,,
$197.70 ,Married,High School,,,,,,,
$336.96 ,Married,Bachelor's,,,,,,,
$489.81 ,Married,High School,,,,,,,
$455.55 ,Single,High School,,,,,,,
$266.61 ,Divorced,Master's,,,,,,,
$460.88 ,Married,High School,,,,,,,
$361.40 ,Single,High School,,,,,,,
$51.86 ,Divorced,Master's,,,,,,,
$310.16 ,Married,High School,,,,,,,
$300.73 ,Widowed,Master's,,,,,,,
$356.87 ,Married,High School,,,,,,,
$82.37 ,Widowed,High School,,,,,,,
$372.60 ,Divorced,Bachelor's,,,,,,,
$78.32 ,Widowed,High School,,,,,,,
$71.72 ,Single,Master's,,,,,,,
$241.10 ,Single,High School,,,,,,,
$96.86 ,Married,Bachelor's,,,,,,,
$276.25 ,Divorced,Master's,,,,,,,
$318.45 ,Widowed,Master's,,,,,,,
$117.03 ,Married,High School,,,,,,,
$490.41 ,Married,Master's,,,,,,,
$476.42 ,Divorced,Bachelor's,,,,,,,
$392.27 ,Divorced,Master's,,,,,,,
$207.24 ,Single,Bachelor's,,,,,,,
$141.63 ,Divorced,High School,,,,,,,
$244.47 ,Widowed,Bachelor's,,,,,,,
$251.63 ,Married,Master's,,,,,,,
$431.78 ,Divorced,Bachelor's,,,,,,,
$303.09 ,Married,Master's,,,,,,,
$341.24 ,Married,Bachelor's,,,,,,,
$211.39 ,Divorced,Master's,,,,,,,
$379.21 ,Married,Bachelor's,,,,,,,
$309.53 ,Widowed,Master's,,,,,,,
$359.45 ,Divorced,Master's,,,,,,,
$479.62 ,Widowed,High School,,,,,,,
$208.60 ,Married,Bachelor's,,,,,,,
$180.21 ,Single,Master's,,,,,,,
$197.90 ,Single,High School,,,,,,,
$362.30 ,Single,Bachelor's,,,,,,,
$159.53 ,Divorced,Bachelor's,,,,,,,
$149.52 ,Widowed,High School,,,,,,,
$206.32 ,Widowed,Bachelor's,,,,,,,
$308.58 ,Single,Bachelor's,,,,,,,
$91.34 ,Single,High School,,,,,,,
$455.44 ,Divorced,High School,,,,,,,
$468.16 ,Divorced,Master's,,,,,,,
$463.67 ,Divorced,Bachelor's,,,,,,,
$69.78 ,Single,High School,,,,,,,
$453.37 ,Married,Bachelor's,,,,,,,
$106.15 ,Widowed,Bachelor's,,,,,,,
$378.47 ,Single,High School,,,,,,,
