카페분위기,만족도
음악이 있는,낮음
음악이 있는,낮음
조용한,높음
북적이는,높음
음악이 있는,높음
조용한,높음
자연채광,낮음
조용한,낮음
자연채광,낮음
북적이는,높음
조용한,높음
북적이는,낮음
자연채광,높음
음악이 있는,낮음
북적이는,높음
자연채광,높음
북적이는,높음
북적이는,높음
음악이 있는,낮음
조용한,높음
음악이 있는,낮음
조용한,높음
자연채광,낮음
북적이는,낮음
조용한,높음
북적이는,낮음
음악이 있는,낮음
자연채광,높음
음악이 있는,높음
조용한,높음
자연채광,낮음
북적이는,낮음
북적이는,낮음
조용한,낮음
북적이는,낮음
북적이는,낮음
북적이는,낮음
음악이 있는,높음
음악이 있는,낮음
북적이는,높음
자연채광,낮음
음악이 있는,낮음
북적이는,낮음
자연채광,높음
조용한,높음
조용한,높음
음악이 있는,높음
조용한,높음
자연채광,높음
음악이 있는,낮음
음악이 있는,낮음
음악이 있는,높음
음악이 있는,낮음
자연채광,낮음
자연채광,높음
조용한,높음
음악이 있는,낮음
조용한,낮음
자연채광,높음
음악이 있는,높음
조용한,낮음
음악이 있는,낮음
북적이는,높음
북적이는,낮음
조용한,낮음
북적이는,높음
조용한,높음
자연채광,낮음
자연채광,높음
자연채광,낮음
음악이 있는,낮음
음악이 있는,낮음
자연채광,낮음
음악이 있는,높음
북적이는,낮음
북적이는,낮음
조용한,높음
자연채광,낮음
자연채광,높음
북적이는,낮음
북적이는,높음
조용한,높음
조용한,높음
음악이 있는,높음
자연채광,높음
음악이 있는,높음
자연채광,높음
북적이는,높음
음악이 있는,높음
자연채광,낮음
북적이는,높음
자연채광,낮음
조용한,높음
북적이는,낮음
북적이는,낮음
음악이 있는,높음
조용한,낮음
음악이 있는,낮음
북적이는,낮음
음악이 있는,높음
조용한,높음
북적이는,높음
자연채광,높음
북적이는,높음
자연채광,높음
자연채광,높음
음악이 있는,낮음
조용한,높음
북적이는,높음
음악이 있는,높음
조용한,높음
음악이 있는,높음
조용한,낮음
자연채광,낮음
음악이 있는,낮음
음악이 있는,높음
자연채광,높음
조용한,높음
자연채광,높음
자연채광,높음
자연채광,낮음
북적이는,낮음
북적이는,낮음
음악이 있는,낮음
북적이는,낮음
자연채광,높음
북적이는,낮음
북적이는,낮음
조용한,낮음
음악이 있는,높음
음악이 있는,낮음
자연채광,낮음
자연채광,높음
조용한,높음
음악이 있는,낮음
자연채광,낮음
자연채광,높음
자연채광,높음
음악이 있는,낮음
북적이는,높음
북적이는,낮음
음악이 있는,낮음
조용한,높음
자연채광,높음
조용한,높음
자연채광,낮음
음악이 있는,낮음
자연채광,높음
자연채광,높음
북적이는,높음
북적이는,낮음
북적이는,높음
북적이는,낮음
음악이 있는,낮음
북적이는,낮음
음악이 있는,높음
조용한,높음
자연채광,높음
음악이 있는,낮음
자연채광,높음
자연채광,높음
북적이는,낮음
음악이 있는,낮음
조용한,낮음
조용한,높음
음악이 있는,낮음
조용한,높음
조용한,높음
음악이 있는,높음
음악이 있는,높음
조용한,높음
북적이는,낮음
자연채광,높음
북적이는,낮음
북적이는,높음
음악이 있는,낮음
북적이는,높음
자연채광,낮음
음악이 있는,낮음
음악이 있는,높음
음악이 있는,높음
북적이는,낮음
조용한,높음
음악이 있는,낮음
조용한,높음
자연채광,낮음
자연채광,높음
음악이 있는,높음
자연채광,높음
자연채광,높음
북적이는,높음
북적이는,낮음
조용한,낮음
북적이는,높음
자연채광,높음
음악이 있는,높음
자연채광,높음
자연채광,낮음
자연채광,낮음
음악이 있는,높음
조용한,높음
북적이는,낮음
음악이 있는,높음
자연채광,낮음
자연채광,낮음
음악이 있는,낮음
음악이 있는,높음
북적이는,높음
조용한,높음
북적이는,낮음
조용한,높음
조용한,높음
조용한,높음
자연채광,높음
자연채광,높음
조용한,높음
자연채광,높음
자연채광,높음
북적이는,낮음
음악이 있는,높음
자연채광,높음
북적이는,높음
북적이는,높음
음악이 있는,높음
북적이는,낮음
조용한,높음
북적이는,낮음
조용한,높음
조용한,높음
조용한,높음
북적이는,낮음
자연채광,높음
음악이 있는,높음
음악이 있는,낮음
조용한,높음
조용한,높음
자연채광,낮음
북적이는,높음
자연채광,낮음
자연채광,높음
북적이는,낮음
조용한,높음
음악이 있는,낮음
자연채광,높음
조용한,높음
음악이 있는,높음
조용한,높음
북적이는,높음
음악이 있는,낮음
음악이 있는,높음
자연채광,높음
북적이는,높음
북적이는,높음
음악이 있는,높음
조용한,높음
음악이 있는,낮음
자연채광,높음
조용한,높음
북적이는,낮음
자연채광,낮음
조용한,낮음
자연채광,높음
음악이 있는,낮음
음악이 있는,낮음
조용한,높음
음악이 있는,낮음
조용한,높음
북적이는,낮음
북적이는,낮음
조용한,높음
음악이 있는,높음
자연채광,높음
조용한,낮음
조용한,높음
북적이는,낮음
자연채광,높음
음악이 있는,높음
조용한,높음
조용한,높음
조용한,낮음
음악이 있는,낮음
음악이 있는,높음
북적이는,낮음
북적이는,낮음
조용한,낮음
조용한,높음
북적이는,낮음
조용한,낮음
자연채광,낮음
북적이는,높음
조용한,높음
조용한,낮음
북적이는,높음
조용한,높음
음악이 있는,낮음
조용한,높음
자연채광,높음
음악이 있는,낮음
자연채광,높음
자연채광,높음
조용한,높음
음악이 있는,높음
북적이는,높음
북적이는,낮음
조용한,높음
북적이는,높음
자연채광,낮음
음악이 있는,낮음
조용한,높음
자연채광,낮음
음악이 있는,높음
조용한,낮음
북적이는,낮음
북적이는,높음
자연채광,높음
음악이 있는,낮음
북적이는,낮음
자연채광,높음
음악이 있는,낮음
조용한,높음
조용한,높음
음악이 있는,높음
조용한,높음
음악이 있는,낮음
조용한,낮음
북적이는,낮음
자연채광,높음
자연채광,낮음
자연채광,높음
자연채광,높음
북적이는,높음
자연채광,높음
조용한,높음
음악이 있는,낮음
조용한,높음
조용한,낮음
자연채광,높음
조용한,낮음
조용한,낮음
음악이 있는,낮음
음악이 있는,낮음
북적이는,낮음
북적이는,낮음
조용한,높음
조용한,낮음
북적이는,낮음
조용한,높음
북적이는,높음
북적이는,낮음
조용한,낮음
북적이는,높음
음악이 있는,높음
자연채광,높음
자연채광,낮음
음악이 있는,낮음
음악이 있는,낮음
조용한,낮음
북적이는,낮음
조용한,높음
조용한,높음
음악이 있는,높음
자연채광,높음
조용한,낮음
북적이는,높음
자연채광,높음
북적이는,낮음
북적이는,낮음
북적이는,낮음
북적이는,낮음
북적이는,낮음
조용한,높음
음악이 있는,높음
음악이 있는,낮음
북적이는,낮음
음악이 있는,낮음
자연채광,높음
북적이는,낮음
북적이는,높음
음악이 있는,높음
북적이는,높음
북적이는,낮음
음악이 있는,높음
음악이 있는,낮음
조용한,낮음
자연채광,높음
조용한,높음
자연채광,높음
조용한,낮음
조용한,높음
북적이는,낮음
자연채광,높음
음악이 있는,높음
음악이 있는,낮음
음악이 있는,높음
자연채광,높음
자연채광,높음
음악이 있는,낮음
음악이 있는,낮음
북적이는,낮음
음악이 있는,높음
